City_ID,City,Country,Date,Lat,Lng,Max Temp,Humidity,Cloudiness,Wind Speed
0,Boguchany,RU,2022-10-09 18:18:27,58.3814,97.4531,38.89,88,71,2.55
1,Puerto Ayora,EC,2022-10-09 18:18:27,-0.7393,-90.3518,75.16,82,88,8.99
2,Ginda,IN,2022-10-09 18:18:28,30.6945,78.4932,59.88,85,68,1.5
3,Padmanabhapuram,IN,2022-10-09 18:18:28,8.2333,77.3333,77.74,85,94,6.42
4,Hobart,AU,2022-10-09 18:18:18,-42.8794,147.3294,43.05,86,31,8.05
5,Rikitea,PF,2022-10-09 18:18:28,-23.1203,-134.9692,71.28,72,9,17.65
6,Bluff,NZ,2022-10-09 18:18:29,-46.6,168.3333,50.41,78,100,10.85
7,Vardo,NO,2022-10-09 18:18:29,70.3705,31.1107,42.78,75,0,19.57
8,Chalchihuites,MX,2022-10-09 18:18:29,23.4833,-103.8833,67.14,46,5,2.64
9,Datong,CN,2022-10-09 18:18:30,40.0936,113.2914,34.38,35,0,5.57
10,Staryy Nadym,RU,2022-10-09 18:18:30,65.6118,72.6842,43.02,91,100,16.51
11,Yudong,CN,2022-10-09 18:18:31,29.385,106.5194,62.49,68,100,2.95
12,Aban,RU,2022-10-09 18:18:31,56.67,96.06,42.48,79,80,7.05
13,Hobyo,SO,2022-10-09 18:18:32,5.3505,48.5268,78.01,86,46,23.02
14,Shelburne,CA,2022-10-09 18:18:32,44.0787,-80.2041,54.3,58,61,10.11
15,Airai,TL,2022-10-09 18:18:32,-8.9266,125.4092,61.27,86,90,2.26
16,Ust-Nera,RU,2022-10-09 18:18:33,64.5667,143.2,13.78,96,100,6.13
17,Qaanaaq,GL,2022-10-09 18:18:33,77.484,-69.3632,9.41,73,53,10.56
18,Yaan,NG,2022-10-09 18:18:33,7.3833,8.5667,73.33,94,100,3.38
19,Port Alfred,ZA,2022-10-09 18:18:34,-33.5906,26.891,65.17,86,51,5.68
20,Xiangfan,CN,2022-10-09 18:18:34,32.0422,112.1448,51.13,42,53,5.86
21,Etaples,FR,2022-10-09 18:18:35,50.5219,1.6332,55.27,76,0,5.75
22,Jamestown,US,2022-10-09 18:18:35,42.097,-79.2353,60.03,41,100,16.11
23,Chokurdakh,RU,2022-10-09 18:18:35,70.6333,147.9167,17.8,93,98,12.1
24,Kapaa,US,2022-10-09 18:18:36,22.0752,-159.319,78.78,84,0,5.75
25,Valdivia,CL,2022-10-09 18:18:57,-39.8142,-73.2459,60.89,36,3,4.97
26,Portland,US,2022-10-09 18:18:34,45.5234,-122.6762,76.46,61,0,3.44
27,Ribeira Grande,PT,2022-10-09 18:18:58,38.5167,-28.7,77.77,83,40,13.8
28,Suntar,RU,2022-10-09 18:18:58,62.1444,117.6319,33.51,98,100,7.92
29,Mataura,NZ,2022-10-09 18:18:59,-46.1927,168.8643,44.89,89,100,3.49
30,Dikson,RU,2022-10-09 18:18:59,73.5069,80.5464,31.8,94,100,18.21
31,Punta Arenas,CL,2022-10-09 18:16:43,-53.15,-70.9167,55.51,44,0,54.09
32,Tessalit,ML,2022-10-09 18:19:00,20.1986,1.0114,94.59,13,15,10.02
33,Ekibastuz,KZ,2022-10-09 18:19:00,51.6667,75.3667,46.04,80,99,15.39
34,Cidreira,BR,2022-10-09 18:19:00,-30.1811,-50.2056,60.42,52,97,12.68
35,Vila Velha,BR,2022-10-09 18:19:01,-20.3297,-40.2925,84.15,65,0,18.41
36,Morehead,US,2022-10-09 18:19:01,37.2711,-87.1764,65.98,36,0,3.44
37,Atuona,PF,2022-10-09 18:19:02,-9.8,-139.0333,76.86,67,65,18.39
38,Salinopolis,BR,2022-10-09 18:19:02,-0.6136,-47.3561,84.94,69,32,14.67
39,Fort Saint James,CA,2022-10-09 18:19:03,54.4333,-124.25,57.67,52,53,2.13
40,Okhotsk,RU,2022-10-09 18:19:04,59.3833,143.3,25.25,61,28,9.42
41,Alvand,IR,2022-10-09 18:19:04,36.3187,49.1678,58.89,32,15,3.89
42,Busselton,AU,2022-10-09 18:19:05,-33.65,115.3333,54.25,86,98,9.46
43,Zhangye,CN,2022-10-09 18:19:05,38.9342,100.4517,42.57,21,38,3.56
44,Sungaipenuh,ID,2022-10-09 18:19:06,-2.0833,101.3833,62.91,91,100,3.13
45,Semnan,IR,2022-10-09 18:20:06,35.5729,53.3971,65.98,26,0,0.43
46,Saint-Philippe,RE,2022-10-09 18:20:07,-21.3585,55.7679,69.39,72,8,12.93
47,Raymond,US,2022-10-09 18:20:07,43.9015,-70.4703,60.62,59,84,10.85
48,Port Elizabeth,ZA,2022-10-09 18:20:08,-33.918,25.5701,66.09,90,20,5.75
49,Dingle,PH,2022-10-09 18:20:08,10.9995,122.6711,75.67,89,79,4.14
50,Vao,NC,2022-10-09 18:20:08,-22.6667,167.4833,72.86,77,54,22.66
51,Coffs Harbour,AU,2022-10-09 18:20:09,-30.3,153.1333,57.16,82,40,10.36
52,Bredasdorp,ZA,2022-10-09 18:20:09,-34.5322,20.0403,59.29,95,91,6.53
53,Valparaiso,CL,2022-10-09 18:16:57,-33.0393,-71.6273,71.83,61,0,16.11
54,Norman Wells,CA,2022-10-09 18:20:10,65.282,-126.8329,44.64,81,75,5.75
55,Burkburnett,US,2022-10-09 18:20:11,34.0979,-98.5706,71.06,54,0,5.75
56,Homer,US,2022-10-09 18:15:47,59.6425,-151.5483,46.8,74,100,28.99
57,Saint-Joseph,RE,2022-10-09 18:20:11,-21.3667,55.6167,68.38,71,19,11.03
58,Nyanguge,TZ,2022-10-09 18:20:12,-2.55,33.2,75.54,53,100,6.29
59,New Norfolk,AU,2022-10-09 18:20:12,-42.7826,147.0587,42.71,72,71,3.33
60,Amapa,BR,2022-10-09 18:20:13,1.0,-52.0,86.76,52,54,5.1
61,Nouadhibou,MR,2022-10-09 18:20:14,20.931,-17.0347,73.38,83,43,18.41
62,Vaini,TO,2022-10-09 18:20:14,-21.2,-175.2,73.56,94,100,14.97
63,Ushuaia,AR,2022-10-09 18:20:14,-54.8,-68.3,47.86,66,40,20.71
64,Camana,PE,2022-10-09 18:20:15,-16.6228,-72.7111,65.5,66,5,8.16
65,Albany,US,2022-10-09 18:18:44,42.6001,-73.9662,61.21,48,62,1.01
66,Morros,BR,2022-10-09 18:20:15,-9.4467,-46.3003,103.19,15,39,12.95
67,Deputatskiy,RU,2022-10-09 18:20:16,69.3,139.9,9.36,93,100,6.22
68,Kaitangata,NZ,2022-10-09 18:20:17,-46.2817,169.8464,45.18,88,65,5.08
69,Kavieng,PG,2022-10-09 18:20:17,-2.5744,150.7967,80.74,67,94,12.91
70,Santa Maria,BR,2022-10-09 18:20:18,-29.6842,-53.8069,60.1,44,40,5.75
71,Provideniya,RU,2022-10-09 18:20:18,64.3833,-173.3,30.94,65,59,10.22
72,Terrenate,MX,2022-10-09 18:20:19,19.4833,-97.9167,50.76,88,97,6.42
73,Hualmay,PE,2022-10-09 18:20:19,-11.0964,-77.6139,68.22,69,37,10.4
74,Longyearbyen,SJ,2022-10-09 18:20:20,78.2186,15.6401,37.24,81,75,14.97
75,Dauphin,CA,2022-10-09 18:16:10,51.1494,-100.0502,53.74,62,0,2.3
76,Cape Town,ZA,2022-10-09 18:17:41,-33.9258,18.4232,68.41,73,0,17.27
77,Tarsus,TR,2022-10-09 18:20:20,36.9188,34.8784,71.98,59,2,3.76
78,Hermanus,ZA,2022-10-09 18:19:26,-34.4187,19.2345,63.81,78,99,12.12
79,Atascadero,US,2022-10-09 18:20:21,35.4894,-120.6707,73.69,51,0,1.92
80,Oskemen,KZ,2022-10-09 18:20:21,49.9565,82.6119,49.96,53,75,2.24
81,Saint George,US,2022-10-09 18:20:22,37.1041,-113.5841,78.94,31,0,3.44
82,Nuuk,GL,2022-10-09 18:20:22,64.1835,-51.7216,30.81,74,75,20.71
83,Tuktoyaktuk,CA,2022-10-09 18:20:23,69.4541,-133.0374,35.6,100,75,5.75
84,Sekoma,BW,2022-10-09 18:20:23,-24.4,23.8833,79.3,14,3,5.41
85,San Patricio,US,2022-10-09 18:20:23,28.017,-97.5169,89.55,41,71,14.54
86,Vyartsilya,RU,2022-10-09 18:20:24,62.1764,30.693,38.61,100,45,5.61
87,Muroto,JP,2022-10-09 18:20:25,33.2833,134.15,75.85,87,95,14.65
88,Mar Del Plata,AR,2022-10-09 18:20:26,-38.0023,-57.5575,55.42,62,75,11.5
89,Khatanga,RU,2022-10-09 18:21:26,71.9667,102.5,1.42,94,66,3.42
90,Barpeta,IN,2022-10-09 18:21:26,26.3167,91.0,75.67,91,99,4.21
91,Meulaboh,ID,2022-10-09 18:21:27,4.1363,96.1285,76.39,87,96,3.76
92,Abu Samrah,SY,2022-10-09 18:21:27,35.3029,37.1841,67.41,58,2,8.88
93,Broken Hill,AU,2022-10-09 18:21:27,-31.95,141.4333,52.12,44,1,8.16
94,Berdigestyakh,RU,2022-10-09 18:21:28,62.0989,126.6992,30.9,98,100,6.76
95,Sibu,MY,2022-10-09 18:21:28,2.3,111.8167,75.51,100,40,0.0
96,Fomboni,KM,2022-10-09 18:21:28,-12.28,43.7425,77.59,66,1,2.93
97,Chapais,CA,2022-10-09 18:21:29,49.7834,-74.8492,37.18,80,98,12.66
98,San Quintin,MX,2022-10-09 18:21:29,30.4833,-115.95,74.12,70,8,7.76
99,Olafsvik,IS,2022-10-09 18:21:30,64.8945,-23.7142,37.78,72,67,28.83
100,Lodja,CD,2022-10-09 18:21:30,-3.4833,23.4333,75.15,67,60,1.86
101,Alofi,NU,2022-10-09 18:19:13,-19.0595,-169.9187,73.29,94,100,9.22
102,Yellowknife,CA,2022-10-09 18:21:31,62.456,-114.3525,46.92,93,75,17.27
103,East London,ZA,2022-10-09 18:21:31,-33.0153,27.9116,63.54,82,20,4.61
104,Port Blair,IN,2022-10-09 18:21:32,11.6667,92.75,80.58,77,78,8.41
105,Hambantota,LK,2022-10-09 18:21:32,6.1241,81.1185,78.37,84,54,12.3
106,Parauna,BR,2022-10-09 18:21:32,-16.9478,-50.4486,69.12,85,74,17.22
107,Patea,NZ,2022-10-09 18:21:33,-39.7583,174.4833,47.35,86,7,7.67
108,Fortuna,US,2022-10-09 18:17:27,40.5982,-124.1573,52.14,50,36,3.91
109,Lebu,CL,2022-10-09 18:21:33,-37.6167,-73.65,52.12,63,0,25.28
110,Gondanglegi,ID,2022-10-09 18:21:33,-7.7479,112.0132,76.32,89,100,6.44
111,Shizunai,JP,2022-10-09 18:21:34,42.3339,142.3669,58.14,74,100,21.5
112,Castro,BR,2022-10-09 18:21:34,-24.7911,-50.0119,76.48,51,49,6.04
113,Esperance,AU,2022-10-09 18:21:35,-33.8667,121.9,57.43,88,100,6.35
114,Mackay,AU,2022-10-09 18:20:41,-21.15,149.2,69.67,86,88,12.5
115,Hilo,US,2022-10-09 18:21:05,19.7297,-155.09,84.27,75,0,3.44
116,Hofn,IS,2022-10-09 18:21:35,64.2539,-15.2082,40.12,68,67,30.4
117,Butaritari,KI,2022-10-09 18:21:35,3.0707,172.7902,82.27,73,46,17.13
118,Barrow,US,2022-10-09 18:21:36,71.2906,-156.7887,24.82,93,100,6.91
119,Bambous Virieux,MU,2022-10-09 18:21:36,-20.3428,57.7575,71.85,73,75,11.5
120,Dryden,CA,2022-10-09 18:21:30,49.7833,-92.7503,44.89,57,20,6.91
121,Alamosa,US,2022-10-09 18:21:37,37.4695,-105.87,55.38,54,0,4.61
122,Saint-Pierre,RE,2022-10-09 18:21:37,-21.3393,55.4781,69.48,73,0,3.44
123,Sault Sainte Marie,CA,2022-10-09 18:18:18,46.5168,-84.3333,50.29,47,0,14.97
124,Cedar City,US,2022-10-09 18:18:08,37.6775,-113.0619,71.4,32,0,5.75
125,Banda Aceh,ID,2022-10-09 18:21:38,5.5577,95.3222,78.42,81,96,3.62
126,Gladstone,AU,2022-10-09 18:18:48,-23.85,151.25,66.13,88,40,4.61
127,Ixtapa,MX,2022-10-09 18:21:39,20.7,-105.2,86.23,62,0,6.91
128,Soyo,AO,2022-10-09 18:21:39,-6.1349,12.3689,77.38,83,55,12.01
129,Sitka,US,2022-10-09 18:21:39,57.0531,-135.33,57.09,100,100,16.11
130,Pilar,BR,2022-10-09 18:21:40,-9.5972,-35.9567,84.13,60,71,11.32
131,Yerofey Pavlovich,RU,2022-10-09 18:21:40,53.9667,121.9667,26.01,80,22,2.15
132,Mount Gambier,AU,2022-10-09 18:21:40,-37.8333,140.7667,40.91,100,72,5.75
133,Severo-Kurilsk,RU,2022-10-09 18:21:41,50.6789,156.125,43.03,76,52,13.98
134,Carnarvon,AU,2022-10-09 18:22:41,-24.8667,113.6333,64.8,74,40,21.21
135,Torbay,CA,2022-10-09 18:17:48,47.6666,-52.7314,58.57,65,20,14.97
136,Havre-Saint-Pierre,CA,2022-10-09 18:22:42,50.2334,-63.5986,46.76,66,100,11.5
137,Waipawa,NZ,2022-10-09 18:22:43,-41.4122,175.5153,48.07,76,0,13.53
138,Bamenda,CM,2022-10-09 18:22:43,5.9527,10.1582,63.45,95,92,1.59
139,Mount Isa,AU,2022-10-09 18:22:44,-20.7333,139.5,65.97,27,0,12.66
140,Victoria,HK,2022-10-09 18:22:44,22.2855,114.1577,74.32,62,11,18.99
141,Amahai,ID,2022-10-09 18:22:44,-3.3333,128.9167,78.35,86,99,4.16
142,Bereda,ES,2022-10-09 18:22:45,43.2686,-7.5406,63.41,80,100,4.21
143,Sur,OM,2022-10-09 18:22:45,22.5667,59.5289,80.69,67,6,1.59
144,Tasiilaq,GL,2022-10-09 18:22:46,65.6145,-37.6368,32.16,92,100,6.55
145,Taltal,CL,2022-10-09 18:22:46,-25.4,-70.4833,60.33,70,20,4.27
146,Hede,CN,2022-10-09 18:22:46,33.7681,120.2517,48.43,52,40,10.18
147,Laguna,US,2022-10-09 18:21:08,38.421,-121.4238,90.01,57,0,3.44
148,Avarua,CK,2022-10-09 18:22:47,-21.2078,-159.775,73.45,78,75,11.5
149,Jiayuguan,CN,2022-10-09 18:22:47,39.8167,98.3,40.1,17,64,1.52
150,Tuatapere,NZ,2022-10-09 18:22:47,-46.1333,167.6833,50.72,79,100,9.06
151,Montijo,PT,2022-10-09 18:22:48,38.7067,-8.9739,69.01,74,0,8.05
152,Skelleftea,SE,2022-10-09 18:22:48,64.7507,20.9528,46.76,92,0,8.05
153,Ray,IN,2022-10-09 18:22:49,23.6833,85.05,77.77,88,12,5.23
154,Saint-Denis,FR,2022-10-09 18:22:49,48.9167,2.3333,61.11,67,0,5.75
155,Quang Ngai,VN,2022-10-09 18:21:55,15.1167,108.8,75.04,95,100,4.9
156,Mahebourg,MU,2022-10-09 18:22:50,-20.4081,57.7,71.89,73,75,11.5
157,Arandis,NA,2022-10-09 18:22:51,-22.4167,14.9667,66.92,66,5,5.44
158,Linguere,SN,2022-10-09 18:22:51,15.3953,-15.1193,82.62,83,0,4.61
159,Malinovoye Ozero,RU,2022-10-09 18:22:51,51.6753,79.7825,47.79,71,90,10.29
160,Rio Grande,BR,2022-10-09 18:22:52,-32.035,-52.0986,64.51,42,52,12.5
161,Belaya Gora,RU,2022-10-09 18:22:52,68.5333,146.4167,21.63,68,100,8.9
162,Verkhoyansk,RU,2022-10-09 18:22:52,67.5447,133.385,16.95,98,100,2.04
163,Hirara,JP,2022-10-09 18:22:53,24.8,125.2833,78.67,74,92,25.37
164,Ca Mau,VN,2022-10-09 18:22:54,9.1769,105.15,74.77,93,99,1.83
165,Berlevag,NO,2022-10-09 18:22:54,70.8578,29.0864,42.8,81,75,26.46
166,Coelho Neto,BR,2022-10-09 18:22:54,-4.2567,-43.0128,102.51,19,37,4.88
167,Biak,ID,2022-10-09 18:22:55,-0.9131,122.8766,76.33,84,100,4.92
168,Kodiak,US,2022-10-09 18:21:17,57.79,-152.4072,47.71,49,0,19.57
169,Nikolskoye,RU,2022-10-09 18:22:56,59.7035,30.7861,47.8,85,0,6.73
170,Sfantu Gheorghe,RO,2022-10-09 18:22:56,45.8667,25.7833,55.92,86,38,0.83
171,Palmer,US,2022-10-09 18:22:56,42.1584,-72.3287,62.51,45,20,8.05
172,Dayong,CN,2022-10-09 18:22:57,25.0209,118.2898,68.2,77,64,4.61
173,Agadir,MA,2022-10-09 18:22:57,30.4202,-9.5982,75.65,68,26,6.67
174,Cadillac,US,2022-10-09 18:21:10,44.2519,-85.4012,58.91,47,75,6.91
175,Cabo San Lucas,MX,2022-10-09 18:18:51,22.8909,-109.9124,94.6,51,0,3.44
176,Bethel,US,2022-10-09 18:19:00,41.3712,-73.414,63.36,51,0,11.5
177,Surt,LY,2022-10-09 18:22:58,31.2089,16.5887,74.73,57,0,10.87
178,Saldanha,ZA,2022-10-09 18:22:58,-33.0117,17.9442,62.65,85,81,17.52
179,Lavrentiya,RU,2022-10-09 18:22:59,65.5833,-171.0,27.77,64,47,7.54
180,Moerai,PF,2022-10-09 18:23:59,-22.4333,-151.3333,72.57,75,42,22.24
181,Zyryanka,RU,2022-10-09 18:24:00,65.75,150.85,10.63,88,98,8.72
182,Yablonovo,RU,2022-10-09 18:24:00,50.8523,37.3574,53.62,69,89,2.8
183,Aleksandrovsk-Sakhalinskiy,RU,2022-10-09 18:24:00,50.8975,142.1561,37.98,73,32,6.64
184,Hosanagara,IN,2022-10-09 18:24:00,13.9167,75.0667,70.52,98,78,1.07
185,Naze,JP,2022-10-09 18:24:01,28.3667,129.4833,74.32,79,88,15.14
186,Arraial Do Cabo,BR,2022-10-09 18:24:01,-22.9661,-42.0278,78.66,78,40,12.66
187,Ancud,CL,2022-10-09 18:24:01,-41.8697,-73.8203,51.37,62,7,10.87
188,Lima,PE,2022-10-09 18:23:59,-12.0432,-77.0282,61.05,72,100,6.91
189,Saint-Prosper,CA,2022-10-09 18:24:02,46.2117,-70.4811,43.7,98,100,7.58
190,Kyshtovka,RU,2022-10-09 18:24:02,56.555,76.6271,43.48,89,100,11.45
191,Channel-Port Aux Basques,CA,2022-10-09 18:23:15,47.5702,-59.1367,51.35,61,51,16.15
192,Half Moon Bay,US,2022-10-09 18:20:14,37.4636,-122.4286,71.87,84,100,3.44
193,Suba,PH,2022-10-09 18:24:03,10.8438,121.0102,83.79,76,73,18.28
194,Guiratinga,BR,2022-10-09 18:24:03,-16.3494,-53.7583,80.22,64,98,11.52
195,Cherskiy,RU,2022-10-09 18:20:51,68.75,161.3,20.35,93,100,17.81
196,Aklavik,CA,2022-10-09 18:24:05,68.2191,-135.0107,33.8,100,75,3.44
197,Cayenne,GF,2022-10-09 18:24:06,4.9333,-52.3333,89.64,62,47,16.11
198,Saint-Georges,GD,2022-10-09 18:22:23,12.0564,-61.7485,82.08,83,100,11.5
199,Marawi,PH,2022-10-09 18:24:06,7.9986,124.2928,69.01,92,89,2.06
200,Thompson,CA,2022-10-09 18:21:45,55.7435,-97.8558,50.16,43,75,8.05
201,Pisco,PE,2022-10-09 18:19:49,-13.7,-76.2167,65.01,72,0,10.36
202,Korla,CN,2022-10-09 18:24:07,41.7597,86.1469,57.63,25,0,6.2
203,Wajir,KE,2022-10-09 18:24:07,1.7471,40.0573,85.96,42,20,9.22
204,Mama,RU,2022-10-09 18:24:08,58.3106,112.8986,34.65,94,100,6.06
205,Estancia,BR,2022-10-09 18:24:09,-11.2683,-37.4383,85.26,53,41,10.87
206,Verkhnyaya Salda,RU,2022-10-09 18:21:37,58.0456,60.5533,47.12,81,89,10.22
207,Chuy,UY,2022-10-09 18:24:09,-33.6971,-53.4616,59.92,43,26,10.38
208,Sao Joao Da Barra,BR,2022-10-09 18:24:10,-21.6403,-41.0511,80.69,84,100,16.04
209,Iqaluit,CA,2022-10-09 18:24:10,63.7506,-68.5145,33.53,64,75,9.22
210,Tignere,CM,2022-10-09 18:24:11,7.3667,12.65,65.37,92,46,1.21
211,Avera,US,2022-10-09 18:24:11,33.194,-82.5271,74.37,57,100,1.36
212,Misratah,LY,2022-10-09 18:24:12,32.3754,15.0925,75.9,67,3,14.76
213,Husavik,IS,2022-10-09 18:24:12,66.0449,-17.3389,36.23,98,100,43.53
214,Jiaozuo,CN,2022-10-09 18:24:12,35.2397,113.2331,50.0,31,1,5.99
215,Retalhuleu,GT,2022-10-09 18:24:13,14.5333,-91.6833,91.69,62,75,6.91
216,Constitucion,CL,2022-10-09 18:24:13,-35.3333,-72.4167,62.31,43,0,16.15
217,Bathsheba,BB,2022-10-09 18:24:14,13.2167,-59.5167,84.81,79,40,16.11
218,Tiksi,RU,2022-10-09 18:24:14,71.6872,128.8694,12.06,95,92,8.59
219,Sao Jose Da Coroa Grande,BR,2022-10-09 18:24:15,-8.8978,-35.1478,81.1,71,62,10.67
220,Medvezhyegorsk,RU,2022-10-09 18:20:15,62.9167,34.4667,43.3,76,88,7.31
221,Itaqui,BR,2022-10-09 18:24:15,-29.1253,-56.5531,64.04,37,93,10.0
222,Finschhafen,PG,2022-10-09 18:24:15,-6.6024,147.8681,78.64,80,100,3.6
223,Geraldton,AU,2022-10-09 18:24:16,-28.7667,114.6,57.61,88,75,0.0
224,Gallup,US,2022-10-09 18:24:16,35.5281,-108.7426,61.56,63,100,4.61
225,Hithadhoo,MV,2022-10-09 18:24:17,-0.6,73.0833,81.18,78,100,14.29
226,Coquimbo,CL,2022-10-09 18:24:17,-29.9533,-71.3436,60.53,72,20,14.97
227,Celle,DE,2022-10-09 18:23:54,52.6226,10.0805,55.26,73,23,7.67
228,Tamara,HN,2022-10-09 18:25:18,14.15,-87.3333,65.95,94,100,18.41
229,Orapa,BW,2022-10-09 18:25:18,-21.2833,25.3667,79.57,12,0,8.14
230,Barcelos,PT,2022-10-09 18:20:39,41.5388,-8.6151,64.85,79,100,2.91
231,Hasaki,JP,2022-10-09 18:25:19,35.7333,140.8333,59.4,87,100,24.94
232,Jimenez,MX,2022-10-09 18:25:19,28.3333,-105.4,73.0,53,6,8.25
233,Pochutla,MX,2022-10-09 18:25:20,15.7432,-96.4661,90.82,57,87,5.35
234,Ulcinj,ME,2022-10-09 18:25:21,41.9294,19.2244,61.02,74,83,2.35
235,Port Lincoln,AU,2022-10-09 18:25:21,-34.7333,135.8667,55.06,73,58,14.76
236,Mayskiy,RU,2022-10-09 18:25:22,47.6931,40.1025,65.61,50,100,11.23
237,Coihaique,CL,2022-10-09 18:25:22,-45.5752,-72.0662,53.55,47,40,9.22
238,Sinop,TR,2022-10-09 18:25:23,41.7711,34.8709,57.0,92,92,5.23
239,Jati,PK,2022-10-09 18:25:23,24.3539,68.2671,86.88,28,3,8.93
240,Umm Lajj,SA,2022-10-09 18:25:23,25.0213,37.2685,82.83,67,0,11.41
241,Cerea,IT,2022-10-09 18:25:24,45.1921,11.2103,67.06,76,92,8.81
242,Codrington,AU,2022-10-09 18:25:24,-38.2667,141.9667,40.39,88,60,6.02
243,San Cristobal,VE,2022-10-09 18:25:25,7.7669,-72.225,75.38,90,89,2.44
244,Terrace,CA,2022-10-09 18:25:25,54.5163,-128.6035,49.91,100,100,2.3
245,Jacmel,HT,2022-10-09 18:25:26,18.2342,-72.5347,89.44,68,40,6.93
246,Port Stanley,FK,2022-10-09 18:25:26,-51.7,-57.85,57.49,60,83,26.44
247,Touros,BR,2022-10-09 18:25:27,-5.1989,-35.4608,82.62,71,48,17.0
248,Shar,KZ,2022-10-09 18:25:27,49.5886,81.0453,45.12,64,12,6.22
249,Languyan,PH,2022-10-09 18:25:28,5.2618,120.0807,80.04,80,65,4.65
250,North Bend,US,2022-10-09 18:25:28,43.4065,-124.2243,51.71,100,100,0.0
251,Bo Rai,TH,2022-10-09 18:25:29,12.5728,102.5371,79.74,96,100,2.15
252,Aswan,EG,2022-10-09 18:25:29,24.0934,32.907,84.96,24,0,17.63
253,Qaqortoq,GL,2022-10-09 18:25:29,60.7167,-46.0333,34.21,87,100,19.71
254,Pangai,TO,2022-10-09 18:25:30,-19.8,-174.35,73.51,88,75,16.11
255,Paracatu,BR,2022-10-09 18:25:30,-17.2222,-46.8747,84.11,44,82,9.86
256,Aripuana,BR,2022-10-09 18:25:30,-9.1667,-60.6333,99.52,27,78,2.1
257,Peterhead,GB,2022-10-09 18:25:31,57.5058,-1.7981,54.5,88,100,33.38
258,Georgetown,MY,2022-10-09 18:25:13,5.4112,100.3354,79.23,86,20,1.14
259,Oranjemund,NA,2022-10-09 18:25:31,-28.55,16.4333,61.57,75,63,9.48
260,Aasiaat,GL,2022-10-09 18:25:32,68.7098,-52.8699,24.46,69,92,15.99
261,Weinan,CN,2022-10-09 18:25:32,34.5036,109.5089,48.45,42,81,3.65
262,Bud,US,2022-10-09 18:25:32,39.447,-86.1758,64.35,39,3,10.71
263,Bac Lieu,VN,2022-10-09 18:25:33,9.285,105.7244,77.36,86,88,3.36
264,Dunedin,NZ,2022-10-09 18:25:33,-45.8742,170.5036,48.31,78,84,6.62
265,La Romana,DO,2022-10-09 18:25:34,18.4273,-68.9728,89.96,74,40,11.5
266,Talnakh,RU,2022-10-09 18:25:34,69.4865,88.3972,34.21,99,100,7.61
267,Isiro,CD,2022-10-09 18:25:34,2.7739,27.616,65.61,99,60,3.53
268,Banjar,ID,2022-10-09 18:25:35,-8.19,114.9675,76.95,91,100,5.32
269,Kirakira,SB,2022-10-09 18:25:35,-10.4544,161.9205,77.72,84,88,5.64
270,Zhigansk,RU,2022-10-09 18:25:35,66.7697,123.3711,25.99,97,99,7.4
271,Lagoa,PT,2022-10-09 18:25:36,39.05,-27.9833,70.95,93,10,14.34
272,Bandar-E Lengeh,IR,2022-10-09 18:25:36,26.5579,54.8807,84.31,45,0,6.91
273,Belen,TR,2022-10-09 18:26:22,36.4891,36.2233,60.94,73,40,6.91
274,Itaporanga,BR,2022-10-09 18:24:28,-7.3044,-38.1503,99.34,18,34,16.53
275,Antequera,ES,2022-10-09 18:26:37,37.0194,-4.5612,67.95,64,30,5.64
276,Karratha,AU,2022-10-09 18:26:37,-20.7377,116.8463,73.11,59,22,11.1
277,Saskylakh,RU,2022-10-09 18:26:38,71.9167,114.0833,3.24,96,80,6.78
278,Bambanglipuro,ID,2022-10-09 18:26:38,-7.95,110.2833,76.26,90,86,1.81
279,Salinas,US,2022-10-09 18:24:03,36.6777,-121.6555,57.72,88,100,0.0
280,Pevek,RU,2022-10-09 18:26:39,69.7008,170.3133,26.28,68,100,24.9
281,Teguldet,RU,2022-10-09 18:26:39,57.3064,88.1667,51.48,58,55,8.16
282,Bowen,AU,2022-10-09 18:26:39,-20.0167,148.2333,71.55,88,79,10.33
283,Flinders,AU,2022-10-09 18:26:40,-34.5833,150.8552,53.19,91,83,4.0
284,Kollam,IN,2022-10-09 18:26:40,8.8833,76.6,77.61,89,96,6.67
285,Nacala,MZ,2022-10-09 18:26:40,-14.5428,40.6728,73.42,81,0,5.55
286,Matadi,CD,2022-10-09 18:26:41,-5.8167,13.45,85.35,61,66,8.55
287,Akdepe,TM,2022-10-09 18:26:41,42.0551,59.3788,55.49,37,0,13.47
288,Oktyabrskiy,RU,2022-10-09 18:26:41,54.4815,53.471,47.86,79,23,7.2
289,Westport,US,2022-10-09 18:23:58,41.1415,-73.3579,64.74,48,0,16.11
290,Sosnovo-Ozerskoye,RU,2022-10-09 18:26:42,52.5249,111.5418,26.06,60,73,6.24
291,Ibra,OM,2022-10-09 18:26:42,22.6906,58.5334,78.33,27,2,0.29
292,Skjervoy,NO,2022-10-09 18:26:43,70.0311,20.9714,44.6,80,100,29.59
293,Ilek,RU,2022-10-09 18:26:43,51.5271,53.3831,52.32,51,5,6.6
294,Linxia,CN,2022-10-09 18:26:43,35.6003,103.2064,40.44,51,100,1.61
295,Buta,CD,2022-10-09 18:26:44,2.7858,24.73,70.54,98,93,2.33
296,Muros,ES,2022-10-09 18:26:44,42.7762,-9.0603,61.09,90,99,8.25
297,Kuching,MY,2022-10-09 18:26:45,1.55,110.3333,75.42,94,20,3.0
298,Jalu,LY,2022-10-09 18:26:45,29.0331,21.5482,73.81,40,0,9.13
299,Uzhhorod,UA,2022-10-09 18:26:45,48.6167,22.3,46.47,71,1,7.49
300,Ahipara,NZ,2022-10-09 18:26:46,-35.1667,173.1667,56.59,78,68,7.52
301,Yasenskaya,RU,2022-10-09 18:26:46,46.3592,38.269,63.45,77,100,2.55
302,Olinda,BR,2022-10-09 18:25:35,-8.0089,-34.8553,82.13,69,75,11.5
303,Narsaq,GL,2022-10-09 18:26:46,60.9167,-46.05,35.82,83,100,15.66
304,Gotsu,JP,2022-10-09 18:26:47,35.0,132.2167,65.48,90,100,11.74
305,Singleton,AU,2022-10-09 18:26:47,-32.5667,151.1833,49.98,90,36,1.01
306,Kavaratti,IN,2022-10-09 18:26:47,10.5669,72.642,80.92,78,98,6.89
307,Cheremukhovo,RU,2022-10-09 18:26:48,60.3484,59.9851,48.13,80,100,8.95
308,Faya,SA,2022-10-09 18:26:48,18.3851,42.4509,66.72,29,16,7.2
309,Beringovskiy,RU,2022-10-09 18:26:48,63.05,179.3167,29.48,51,2,5.57
310,Lompoc,US,2022-10-09 18:26:49,34.6391,-120.4579,59.72,88,100,0.0
311,Nanortalik,GL,2022-10-09 18:26:49,60.1432,-45.2371,37.27,95,100,16.71
312,Kuvandyk,RU,2022-10-09 18:26:50,51.4781,57.3552,48.56,65,37,3.8
313,Beloha,MG,2022-10-09 18:26:50,-25.1667,45.05,74.26,67,0,4.79
314,Kalmunai,LK,2022-10-09 18:26:50,7.4167,81.8167,80.35,78,65,3.71
315,Upernavik,GL,2022-10-09 18:26:51,72.7868,-56.1549,17.19,71,88,5.14
316,Camalu,MX,2022-10-09 18:26:51,30.85,-116.0667,74.77,68,9,5.93
317,Fereydun Kenar,IR,2022-10-09 18:26:52,36.6864,52.5225,73.8,56,0,8.19
318,Marand,IR,2022-10-09 18:26:52,38.4329,45.7749,67.03,34,83,8.23
319,Chernyakhovsk,RU,2022-10-09 18:26:52,54.6335,21.8156,45.64,87,4,5.95
320,Svetlogorsk,BY,2022-10-09 18:26:53,52.6333,29.7333,46.2,91,54,7.67
321,Flagstaff,US,2022-10-09 18:27:53,35.1981,-111.6513,66.52,66,20,4.61
322,Noshiro,JP,2022-10-09 18:27:54,40.2039,140.0242,56.91,92,100,12.97
323,Moron,AR,2022-10-09 18:27:54,-34.6534,-58.6198,69.03,23,2,6.89
324,Aleksandrow Lodzki,PL,2022-10-09 18:24:59,51.8196,19.3038,44.87,91,12,0.0
325,Clyde River,CA,2022-10-09 18:27:54,70.4692,-68.5914,21.43,79,100,11.5
326,Tukrah,LY,2022-10-09 18:27:55,32.5341,20.5791,71.87,56,0,8.39
327,Bilibino,RU,2022-10-09 18:27:55,68.0546,166.4372,11.82,96,100,5.95
328,Sunrise Manor,US,2022-10-09 18:27:56,36.2111,-115.0731,84.87,31,0,8.05
329,Rocha,UY,2022-10-09 18:27:56,-34.4833,-54.3333,56.05,50,37,15.66
330,Richards Bay,ZA,2022-10-09 18:27:56,-28.783,32.0377,72.3,85,64,17.96
331,Arys,KZ,2022-10-09 18:27:57,42.4252,68.795,57.42,33,8,18.3
332,Kuminskiy,RU,2022-10-09 18:27:57,58.6667,66.5667,44.1,89,75,8.03
333,Cap Malheureux,MU,2022-10-09 18:27:58,-19.9842,57.6142,71.47,69,42,7.0
334,La Sarre,CA,2022-10-09 18:23:07,48.8002,-79.1996,36.88,66,99,9.06
335,Port Augusta,AU,2022-10-09 18:27:58,-32.5,137.7667,51.96,50,47,2.55
336,Sangar,RU,2022-10-09 18:27:58,63.9242,127.4739,26.64,93,100,11.18
337,Manokwari,ID,2022-10-09 18:27:59,-0.8667,134.0833,78.12,79,100,3.36
338,Nishihara,JP,2022-10-09 18:27:59,26.1842,127.7558,78.08,73,40,18.41
339,Hami,CN,2022-10-09 18:28:00,42.8,93.45,53.62,16,36,2.82
340,Burnie,AU,2022-10-09 18:28:00,-41.0667,145.9167,44.94,78,32,6.67
341,Pitimbu,BR,2022-10-09 18:28:01,-7.4706,-34.8086,84.79,72,100,13.51
342,Gillette,US,2022-10-09 18:28:01,44.2911,-105.5022,67.8,30,0,3.44
343,Pangody,RU,2022-10-09 18:28:02,65.85,74.4859,42.06,92,100,14.43
344,Henties Bay,NA,2022-10-09 18:28:02,-22.116,14.2845,58.93,95,25,3.83
345,Najran,SA,2022-10-09 18:28:03,17.4924,44.1277,74.26,19,27,4.65
346,Bakonyszentlaszlo,HU,2022-10-09 18:28:03,47.389,17.8032,48.81,55,93,0.49
347,Shingu,JP,2022-10-09 18:28:03,33.7333,135.9833,67.14,92,100,4.27
348,Vila Franca Do Campo,PT,2022-10-09 18:28:04,37.7167,-25.4333,72.01,78,17,7.29
349,Ponta Do Sol,PT,2022-10-09 18:28:04,32.6667,-17.1,74.71,63,80,3.96
350,Dombarovskiy,RU,2022-10-09 18:28:05,50.7587,59.5386,47.53,62,25,4.25
351,Upata,VE,2022-10-09 18:28:05,8.0086,-62.3989,88.2,47,85,5.46
352,Anloga,GH,2022-10-09 18:28:06,5.7947,0.8973,80.1,77,87,6.76
353,Te Anau,NZ,2022-10-09 18:28:06,-45.4167,167.7167,49.84,82,100,6.76
354,Jadu,LY,2022-10-09 18:28:07,31.953,12.0261,72.66,30,2,6.62
355,Yerbogachen,RU,2022-10-09 18:28:07,61.2767,108.0108,36.14,91,100,11.5
356,Haines Junction,CA,2022-10-09 18:28:08,60.7522,-137.5108,48.15,93,79,3.44
357,Alice Springs,AU,2022-10-09 18:28:08,-23.7,133.8833,45.95,39,5,0.0
358,Dagestanskiye Ogni,RU,2022-10-09 18:28:09,42.1159,48.192,68.11,79,100,3.8
359,Paamiut,GL,2022-10-09 18:28:09,61.994,-49.6678,36.28,94,100,16.67
360,Sistranda,NO,2022-10-09 18:28:10,63.7256,8.834,51.76,72,100,9.91
361,Lloydminster,CA,2022-10-09 18:28:10,53.2835,-110.0016,62.82,48,20,8.05
362,High Level,CA,2022-10-09 18:28:11,58.5169,-117.136,50.11,71,40,8.05
363,Baruun-Urt,MN,2022-10-09 18:28:11,46.6806,113.2792,26.38,49,0,4.65
364,Luderitz,NA,2022-10-09 18:28:12,-26.6481,15.1594,64.67,69,26,3.78
365,Ko Samui,TH,2022-10-09 18:28:12,9.5357,99.9357,79.66,78,99,6.08
366,Calabozo,VE,2022-10-09 18:28:12,8.9242,-67.4293,80.83,80,100,3.67
367,Black River,JM,2022-10-09 18:29:13,18.0264,-77.8487,89.19,58,92,13.82
368,Salaga,GH,2022-10-09 18:29:13,8.5508,-0.5188,78.13,85,86,4.29
369,Ngunguru,NZ,2022-10-09 18:29:14,-35.6167,174.5,58.26,71,93,12.62
370,Tombouctou,ML,2022-10-09 18:29:14,20.0,-3.0,94.71,13,3,3.04
371,San Juan De Arama,CO,2022-10-09 18:29:15,3.3464,-73.8894,86.58,54,98,3.96
372,Kruisfontein,ZA,2022-10-09 18:29:15,-34.0033,24.7314,63.88,79,91,1.21
373,Velingara,SN,2022-10-09 18:29:16,13.15,-14.1167,79.57,84,99,4.45
374,Urengoy,RU,2022-10-09 18:29:16,65.9667,78.3667,40.44,86,86,12.1
375,Oparino,RU,2022-10-09 18:29:17,59.8518,48.2783,49.3,86,100,10.36
376,Salalah,OM,2022-10-09 18:29:05,17.0151,54.0924,77.23,70,43,2.19
377,Kathmandu,NP,2022-10-09 18:29:17,27.7167,85.3167,70.02,88,75,3.44
378,Aykhal,RU,2022-10-09 18:29:18,66.0,111.5,20.84,98,97,6.6
379,Pueblo Bello,CO,2022-10-09 18:29:18,8.2041,-76.526,84.7,65,74,3.53
380,Ostrovnoy,RU,2022-10-09 18:29:19,68.0531,39.5131,40.55,84,68,17.11
381,Mananjary,MG,2022-10-09 18:29:19,-21.2167,48.3333,68.47,78,0,6.33
382,Pacific Grove,US,2022-10-09 18:29:19,36.6177,-121.9166,59.43,93,100,1.01
383,Sao Filipe,CV,2022-10-09 18:29:20,14.8961,-24.4956,78.62,75,18,9.6
384,Kisangani,CD,2022-10-09 18:25:42,0.5167,25.2,69.67,96,43,2.1
385,Winona,US,2022-10-09 18:29:21,43.9666,-91.7668,65.43,45,40,0.0
386,Aksarka,RU,2022-10-09 18:29:21,66.5606,67.7975,42.82,93,100,14.76
387,Leningradskiy,RU,2022-10-09 18:29:22,69.3833,178.4167,14.83,74,69,14.85
388,Hope,US,2022-10-09 18:29:22,33.6671,-93.5916,77.99,36,18,5.82
389,Katete,UG,2022-10-09 18:29:23,-0.7818,29.7544,62.04,90,68,1.97
390,Bengkulu,ID,2022-10-09 18:29:23,-3.8004,102.2655,75.56,89,100,3.27
391,La Palma,US,2022-10-09 18:29:24,33.8464,-118.0467,85.75,77,100,4.0
392,Souillac,MU,2022-10-09 18:29:24,-20.5167,57.5167,71.98,73,75,11.5
393,Savinka,RU,2022-10-09 18:29:24,50.0785,47.0994,56.5,55,44,10.27
394,Amarillo,US,2022-10-09 18:28:27,35.222,-101.8313,68.04,73,20,12.66
395,Namibe,AO,2022-10-09 18:29:25,-15.1961,12.1522,69.26,84,16,7.29
396,Komsomolskiy,UZ,2022-10-09 18:29:26,40.4272,71.7189,59.72,44,63,6.91
397,Papetoai,PF,2022-10-09 18:29:26,-17.4961,-149.8729,78.39,69,36,12.33
398,Kyren,RU,2022-10-09 18:29:26,51.6828,102.1408,35.87,60,20,2.64
399,Nizhniy Kislyay,RU,2022-10-09 18:29:27,50.8497,40.1719,55.53,65,92,6.69
400,Buseresere,TZ,2022-10-09 18:29:27,-3.0236,31.8747,70.95,64,95,6.11
401,Los Llanos De Aridane,ES,2022-10-09 18:29:27,28.6585,-17.9182,72.12,79,75,14.97
402,Porto De Moz,BR,2022-10-09 18:29:28,-1.7483,-52.2383,94.68,39,39,1.97
403,Kasongo-Lunda,CD,2022-10-09 18:29:28,-6.4667,16.8167,73.76,81,99,1.61
404,College,US,2022-10-09 18:29:28,64.8569,-147.8028,37.58,92,100,14.97
405,Berja,ES,2022-10-09 18:29:29,36.8469,-2.9497,71.76,81,11,3.56
406,Lorengau,PG,2022-10-09 18:29:29,-2.0226,147.2712,80.94,73,83,10.51
407,Labuhan,ID,2022-10-09 18:29:29,-6.8844,112.2051,80.42,79,99,3.36
408,Kloulklubed,PW,2022-10-09 18:29:30,7.0419,134.2556,77.5,62,92,7.54
409,Chumikan,RU,2022-10-09 18:29:30,54.7183,135.315,32.38,62,66,15.7
410,Chicama,PE,2022-10-09 18:29:30,-7.8447,-79.1469,61.34,56,80,10.76
411,Trelew,AR,2022-10-09 18:29:31,-43.249,-65.3051,64.81,19,13,13.0
412,Etyek,HU,2022-10-09 18:29:31,47.4479,18.7533,59.63,64,97,6.69
413,Mubi,NG,2022-10-09 18:30:31,10.2676,13.2644,78.49,64,10,5.08
414,Manavalakurichi,IN,2022-10-09 18:30:32,8.1333,77.3,78.57,85,100,9.66
415,Egvekinot,RU,2022-10-09 18:30:32,66.3167,-179.1667,11.57,70,3,5.86
416,Marau,BR,2022-10-09 18:30:33,-28.4492,-52.2,58.95,87,100,4.09
417,Aitape,PG,2022-10-09 18:30:33,-3.1374,142.3475,78.01,86,99,3.24
418,Zhezkazgan,KZ,2022-10-09 18:30:33,47.8043,67.7144,45.52,55,0,5.64
419,Carballo,ES,2022-10-09 18:30:34,43.213,-8.691,65.89,84,81,6.4
420,Kitimat,CA,2022-10-09 18:30:34,54.0524,-128.6534,50.38,69,100,3.91
421,Koslan,RU,2022-10-09 18:30:35,63.4564,48.8989,44.08,90,100,7.2
422,Zambezi,ZM,2022-10-09 18:30:35,-13.5432,23.1047,71.38,23,1,6.35
423,Tamandare,BR,2022-10-09 18:30:36,-8.7597,-35.1047,80.47,74,100,9.08
424,Toucheng,TW,2022-10-09 18:30:36,24.8592,121.8233,75.45,89,100,10.98
425,Itoman,JP,2022-10-09 18:30:37,26.1247,127.6694,78.82,73,40,18.41
426,Camacha,PT,2022-10-09 18:30:37,33.0833,-16.3333,69.22,60,20,12.66
427,Nuevo Progreso,MX,2022-10-09 18:30:38,23.1667,-97.95,84.54,64,26,4.0
428,Linjiang,CN,2022-10-09 18:30:38,41.8069,126.9078,42.48,95,100,2.68
429,Guerrero Negro,MX,2022-10-09 18:30:38,27.9769,-114.0611,76.98,65,3,11.5
430,Soe,ID,2022-10-09 18:30:39,-9.8607,124.284,68.18,85,56,3.65
431,Saravan,AM,2022-10-09 18:30:39,39.7196,45.6483,55.54,61,87,4.54
432,Waw,SS,2022-10-09 18:30:40,7.7029,27.9953,72.07,91,100,2.55
433,Galbshtadt,RU,2022-10-09 18:30:40,53.2264,78.9845,45.32,87,100,12.39
434,Hwange,ZW,2022-10-09 18:30:40,-18.3693,26.5019,78.57,22,0,0.38
435,Kahului,US,2022-10-09 18:30:41,20.8947,-156.47,80.62,79,40,4.0
436,Kenai,US,2022-10-09 18:30:41,60.5544,-151.2583,45.14,95,100,9.22
437,Buchanan,LR,2022-10-09 18:30:41,5.8808,-10.0467,78.08,87,22,5.17
438,La Ronge,CA,2022-10-09 18:30:31,55.1001,-105.2842,61.05,48,20,8.05
439,Martinsville,US,2022-10-09 18:30:42,36.6915,-79.8725,66.34,43,0,4.61
440,Hohhot,CN,2022-10-09 18:30:42,40.8106,111.6522,21.49,68,0,4.47
441,Bang Bo,TH,2022-10-09 18:30:43,13.5743,100.8353,82.06,94,75,1.14
442,Charters Towers,AU,2022-10-09 18:30:43,-20.1,146.2667,67.14,90,1,7.0
443,Namatanai,PG,2022-10-09 18:30:43,-3.6667,152.4333,76.77,72,100,7.09
444,Benguela,AO,2022-10-09 18:30:44,-12.5763,13.4055,73.29,81,72,2.98
445,Port Macquarie,AU,2022-10-09 18:30:44,-31.4333,152.9167,54.9,78,83,5.23
446,Kashi,CN,2022-10-09 18:28:33,39.4547,75.9797,61.81,36,1,8.95
447,Sertania,BR,2022-10-09 18:30:45,-8.0736,-37.2644,89.46,27,100,18.03
448,Usinsk,RU,2022-10-09 18:30:45,65.9939,57.5281,42.84,93,100,14.18
449,Udachnyy,RU,2022-10-09 18:30:45,66.4167,112.4,13.71,97,92,6.24
450,Humaita,BR,2022-10-09 18:30:46,-7.5061,-63.0208,98.65,29,100,4.03
451,Lesnoy,RU,2022-10-09 18:30:46,57.6198,63.0784,46.36,76,100,10.25
452,Nemuro,JP,2022-10-09 18:30:46,43.3236,145.575,57.2,70,100,21.83
453,Sobolevo,RU,2022-10-09 18:30:47,54.4299,31.8996,45.54,89,38,8.03
454,Kununurra,AU,2022-10-09 18:30:47,-15.7667,128.7333,75.18,83,98,0.0
455,Antofagasta,CL,2022-10-09 18:30:48,-23.65,-70.4,60.08,69,8,8.5
456,Mana,GF,2022-10-09 18:30:48,5.6592,-53.7767,84.97,69,45,12.77
457,Vostok,RU,2022-10-09 18:30:49,46.4856,135.8833,35.67,78,100,4.07
458,Pontianak,ID,2022-10-09 18:27:57,-0.0333,109.3333,73.38,100,100,3.44
459,Kumluca,TR,2022-10-09 18:30:49,36.3703,30.2869,73.0,54,0,5.79
460,Campbell River,CA,2022-10-09 18:30:31,50.0163,-125.2446,62.98,63,75,4.61
461,Jumla,NP,2022-10-09 18:31:50,29.2747,82.1838,53.56,97,100,3.09
462,Middletown,US,2022-10-09 18:30:10,39.5151,-84.3983,65.28,39,0,13.8
463,Matagami,CA,2022-10-09 18:29:20,49.7502,-77.6328,39.31,81,75,13.8
464,Mumford,GH,2022-10-09 18:31:50,5.2618,-0.759,77.45,87,40,7.02
465,Zelenoborsk,RU,2022-10-09 18:31:50,61.4669,64.0333,45.88,84,100,8.68
466,Cockburn Town,TC,2022-10-09 18:29:17,21.4612,-71.1419,82.33,77,9,16.55
467,Sabha,LY,2022-10-09 18:31:51,27.0377,14.4283,76.42,27,0,9.13
468,Broome,US,2022-10-09 18:31:51,42.2506,-75.833,60.62,61,100,10.36
469,Katangli,RU,2022-10-09 18:31:51,51.7102,143.2326,33.71,84,22,6.29
470,Turbat,PK,2022-10-09 18:31:52,26.0023,63.044,80.87,9,0,6.64
471,Khani,GE,2022-10-09 18:31:52,41.9563,42.9566,53.17,98,100,1.72
472,Vryburg,ZA,2022-10-09 18:31:53,-26.9566,24.7284,74.16,24,37,10.49
473,Gambela,ET,2022-10-09 18:31:53,8.25,34.5833,71.19,91,100,2.42
474,Nome,US,2022-10-09 18:31:54,64.5011,-165.4064,30.27,69,100,4.61
475,Erenhot,CN,2022-10-09 18:31:54,43.6475,111.9767,34.02,29,0,6.26
476,Fairbanks,US,2022-10-09 18:31:54,64.8378,-147.7164,37.6,92,100,14.97
477,Sola,VU,2022-10-09 18:31:55,-13.8833,167.55,72.27,100,20,0.0
478,Townsville,AU,2022-10-09 18:31:55,-19.25,146.8,74.28,83,75,10.36
479,Nkhotakota,MW,2022-10-09 18:31:55,-12.9274,34.2961,76.42,46,18,1.86
480,Yangambi,CD,2022-10-09 18:31:56,0.8102,24.4336,69.49,97,100,1.72
481,Port Hueneme,US,2022-10-09 18:31:56,34.1478,-119.1951,88.12,83,100,4.61
482,Fort Nelson,CA,2022-10-09 18:30:36,58.8053,-122.7002,53.19,54,75,8.05
483,Reconquista,AR,2022-10-09 18:30:12,-29.15,-59.65,68.2,25,6,8.7
484,Mizdah,LY,2022-10-09 18:31:57,31.4451,12.9801,73.24,32,3,9.55
485,Bonthe,SL,2022-10-09 18:31:57,7.5264,-12.505,78.26,85,81,5.44
486,Rawson,AR,2022-10-09 18:31:58,-43.3002,-65.1023,63.25,25,12,10.45
487,Walvis Bay,NA,2022-10-09 18:31:58,-22.9575,14.5053,58.08,90,99,5.97
488,Finnsnes,NO,2022-10-09 18:31:59,69.2296,17.9811,41.61,86,97,6.04
489,Koumac,NC,2022-10-09 18:31:59,-20.5667,164.2833,73.56,81,31,4.45
490,Kargopol,RU,2022-10-09 18:31:59,61.5071,38.9456,40.39,94,7,4.92
491,Pincher Creek,CA,2022-10-09 18:27:30,49.4833,-113.952,68.11,41,0,3.44
492,Krasnoselkup,RU,2022-10-09 18:32:00,65.7,82.4667,37.72,92,59,9.51
493,Pemba,MZ,2022-10-09 18:32:00,-12.974,40.5178,77.7,78,20,9.22
494,Milkovo,RU,2022-10-09 18:32:01,54.7167,158.6167,30.0,79,58,5.61
495,Celestun,MX,2022-10-09 18:32:01,20.8667,-90.4,84.94,60,45,20.0
496,Petropavlovsk-Kamchatskiy,RU,2022-10-09 18:32:02,53.0452,158.6483,27.19,80,75,2.24
497,Faanui,PF,2022-10-09 18:32:02,-16.4833,-151.75,78.6,73,4,18.92
498,Mnogovershinnyy,RU,2022-10-09 18:32:03,53.9353,139.9242,25.12,78,10,3.51
499,Ouadda,CF,2022-10-09 18:32:03,8.0777,22.4007,68.56,94,26,3.65
500,Iracoubo,GF,2022-10-09 18:32:04,5.4802,-53.2011,84.0,72,40,13.71
501,Ulladulla,AU,2022-10-09 18:30:25,-35.35,150.4667,48.56,81,50,5.06
502,Hangal,IN,2022-10-09 18:32:05,14.7667,75.1333,71.38,95,100,3.09
503,Marabba,SD,2022-10-09 18:32:06,12.35,32.1833,78.69,68,2,8.37
504,Necochea,AR,2022-10-09 18:32:07,-38.5473,-58.7368,54.14,48,5,11.32
505,Hashtrud,IR,2022-10-09 18:32:07,37.4779,47.0508,62.98,31,88,4.14
506,Mersing,MY,2022-10-09 18:32:08,2.4312,103.8405,78.71,89,40,4.61
507,Tura,IN,2022-10-09 18:32:08,25.5198,90.2201,72.48,94,55,3.09
508,Whitehorse,CA,2022-10-09 18:30:36,60.7161,-135.0538,56.17,62,75,13.8
509,Sandwick,GB,2022-10-09 18:33:09,60.0,-1.25,49.82,93,75,19.57
510,Leshukonskoye,RU,2022-10-09 18:33:09,64.8989,45.7622,41.11,87,34,7.92
511,Kambove,CD,2022-10-09 18:33:10,-10.8764,26.5969,66.94,27,2,4.92
512,Merauke,ID,2022-10-09 18:33:10,-8.4667,140.3333,78.51,89,100,10.31
513,Bafq,IR,2022-10-09 18:33:11,31.6128,55.4107,68.38,13,0,2.26
514,Mamallapuram,IN,2022-10-09 18:33:11,12.6264,80.1722,82.45,80,100,5.08
515,Fare,PF,2022-10-09 18:33:12,-16.7,-151.0167,78.39,73,15,18.32
516,Martapura,ID,2022-10-09 18:33:12,-3.4167,114.85,75.29,100,100,2.3
517,Port Hardy,CA,2022-10-09 18:30:33,50.6996,-127.4199,50.18,100,100,4.61
518,Saint-Paul,RE,2022-10-09 18:33:13,-21.0096,55.2707,69.91,71,0,2.57
519,Marzuq,YE,2022-10-09 18:33:13,14.4,46.4667,73.08,58,3,4.5
520,Katsuura,JP,2022-10-09 18:33:14,35.1333,140.3,60.82,94,100,4.03
521,Salisbury,GB,2022-10-09 18:33:15,51.0693,-1.7957,56.97,72,100,9.22
522,Makakilo City,US,2022-10-09 18:33:15,21.3469,-158.0858,79.61,71,40,4.61
523,Pingliang,CN,2022-10-09 18:33:15,35.5392,106.6861,38.16,43,84,3.8
524,Digha,IN,2022-10-09 18:33:16,21.6833,87.55,80.78,81,9,6.04
525,Erzin,TR,2022-10-09 18:33:16,36.9559,36.2,67.77,72,0,1.7
526,Sakakah,SA,2022-10-09 18:30:41,29.9697,40.2064,81.97,31,0,10.4
527,Road Town,VG,2022-10-09 18:30:44,18.4167,-64.6167,87.84,74,40,8.05
528,Mehamn,NO,2022-10-09 18:33:16,71.0357,27.8492,44.55,81,75,23.02
529,Vulcan,RO,2022-10-09 18:30:36,45.3833,23.2667,50.22,86,79,2.77
530,Otane,NZ,2022-10-09 18:33:17,-39.8833,176.6333,45.07,85,0,1.21
531,Great Falls,US,2022-10-09 18:31:27,47.5002,-111.3008,64.42,54,0,8.05
532,Blois,FR,2022-10-09 18:33:18,47.5833,1.3333,62.98,62,1,6.85
533,Gazli,UZ,2022-10-09 18:33:18,40.1333,63.45,59.81,29,0,19.48
534,Junqueiro,BR,2022-10-09 18:33:18,-9.9253,-36.4758,81.09,59,40,13.67
535,Buala,SB,2022-10-09 18:33:19,-8.145,159.5921,78.84,78,98,2.91
536,Ola,RU,2022-10-09 18:33:19,59.5833,151.2833,25.92,86,66,3.51
537,Prachin Buri,TH,2022-10-09 18:33:20,14.0833,101.6667,74.1,98,100,1.99
538,Ritchie,ZA,2022-10-09 18:33:21,-29.038,24.6028,78.01,17,88,7.36
539,Bilma,NE,2022-10-09 18:33:21,18.6853,12.9164,86.14,17,3,2.8
540,Mudgee,AU,2022-10-09 18:33:21,-32.5943,149.5871,45.63,93,100,3.44
541,Numan,NG,2022-10-09 18:33:22,9.4667,12.0333,80.85,75,94,5.46
542,Biloela,AU,2022-10-09 18:33:22,-24.4167,150.5,63.1,66,95,8.95
543,Sackville,CA,2022-10-09 18:33:23,45.9188,-64.3846,53.33,55,100,13.22
544,Muravlenko,RU,2022-10-09 18:33:23,63.7898,74.523,42.93,89,100,15.95
545,Takoradi,GH,2022-10-09 18:33:24,4.8845,-1.7554,77.09,88,23,7.05
546,Champasak,LA,2022-10-09 18:33:24,14.75,106.0,70.74,98,90,1.54
547,Hay River,CA,2022-10-09 18:33:24,60.8156,-115.7999,60.78,44,75,12.66
548,Albuquerque,US,2022-10-09 18:32:16,35.0845,-106.6511,68.65,60,75,5.75
549,Cosala,MX,2022-10-09 18:33:25,24.4125,-106.6908,91.96,36,0,3.69
550,Baicheng,CN,2022-10-09 18:33:25,45.6167,122.8167,37.96,36,100,24.96
551,Sinnamary,GF,2022-10-09 18:33:26,5.3833,-52.95,84.56,69,54,14.12
552,Bejar,ES,2022-10-09 18:33:26,40.3864,-5.7634,61.47,51,100,1.61
553,San Lazaro,BZ,2022-10-09 18:33:27,18.0387,-88.6622,80.69,88,100,10.04
554,Rosarito,MX,2022-10-09 18:34:27,32.3333,-117.0333,73.22,75,20,10.02
555,Thessalon,CA,2022-10-09 18:30:32,46.2501,-83.5666,50.29,40,5,7.7
556,Camargo,MX,2022-10-09 18:34:28,27.6667,-105.1667,75.09,44,1,9.98
557,Yulara,AU,2022-10-09 18:34:29,-25.2406,130.9889,58.69,25,6,8.03
558,Todos Santos,MX,2022-10-09 18:34:29,23.45,-110.2167,92.3,77,0,8.21
559,Bubaque,GW,2022-10-09 18:34:29,11.2833,-15.8333,81.7,73,73,7.25
560,Lasa,IT,2022-10-09 18:34:30,46.6166,10.7002,58.08,97,100,3.94
561,Omsukchan,RU,2022-10-09 18:33:15,62.5333,155.8,5.02,86,93,3.38
562,Mchinji,MW,2022-10-09 18:34:31,-13.7984,32.8802,69.55,32,0,4.68
563,Smithers,CA,2022-10-09 18:30:13,54.7804,-127.1743,61.14,58,100,1.48
564,Alta Floresta,BR,2022-10-09 18:34:31,-9.8756,-56.0861,96.62,41,40,3.44
565,Maldonado,UY,2022-10-09 18:34:32,-34.6667,-54.9167,56.59,51,55,13.62
566,Wankaner,IN,2022-10-09 18:34:32,22.6167,70.9333,85.64,54,73,5.44
567,Puerto Escondido,MX,2022-10-09 18:34:33,15.85,-97.0667,88.63,62,40,6.91
568,Tandil,AR,2022-10-09 18:30:02,-37.3217,-59.1332,62.69,23,100,12.01
569,Sergeyevka,KZ,2022-10-09 18:34:33,53.88,67.4158,45.66,67,100,8.19
570,Wisconsin Rapids,US,2022-10-09 18:34:33,44.3836,-89.8174,57.99,56,100,0.0
571,Chino Valley,US,2022-10-09 18:34:34,34.7575,-112.4538,72.73,47,40,4.61
572,Palmerston,AU,2022-10-09 18:34:34,-12.486,130.9833,80.58,91,100,2.3
573,Arlit,NE,2022-10-09 18:34:34,18.7369,7.3853,91.24,12,6,16.26
574,Lakes Entrance,AU,2022-10-09 18:34:35,-37.8811,147.981,39.16,89,8,6.82
575,Nancha,CN,2022-10-09 18:34:35,47.1333,129.2667,37.71,100,100,3.0
576,Koppang,NO,2022-10-09 18:34:36,61.5706,11.0555,43.77,86,99,10.67
577,Madang,PG,2022-10-09 18:34:36,-5.2246,145.7966,75.51,89,83,2.35
578,Evanston,US,2022-10-09 18:34:37,42.0411,-87.6901,68.88,41,40,10.36
579,Klyuchi,RU,2022-10-09 18:34:37,52.2667,79.1667,47.48,79,100,11.86
580,Mian Channun,PK,2022-10-09 18:34:37,30.44,72.3543,76.75,48,0,6.26
581,Adrar,MR,2022-10-09 18:34:38,20.5022,-10.0711,95.63,19,100,4.21
